week,away_team_slug,home_team_slug,favorite_team_slug,favorite_spread,game_total,source,source_published_on,source_url,source_text
1,arizona-cardinals,los-angeles-chargers,los-angeles-chargers,-9.5,46.5,yahoo_sports_2026_lookahead,2026-05-26,https://sports.yahoo.com/nfl/betting/article/2026-nfl-betting-lines-odds-for-every-game-this-season-164646933.html,"Arizona Cardinals at Los Angeles Chargers (-9.5, 46.5)"
1,atlanta-falcons,pittsburgh-steelers,pittsburgh-steelers,-2.5,41.5,yahoo_sports_2026_lookahead,2026-05-26,https://sports.yahoo.com/nfl/betting/article/2026-nfl-betting-lines-odds-for-every-game-this-season-164646933.html,"Atlanta Falcons at Pittsburgh Steelers (-2.5, 41.5)"
1,baltimore-ravens,indianapolis-colts,baltimore-ravens,-3.5,49.5,yahoo_sports_2026_lookahead,2026-05-26,https://sports.yahoo.com/nfl/betting/article/2026-nfl-betting-lines-odds-for-every-game-this-season-164646933.html,"Baltimore Ravens (-3.5, 49.5) at Indianapolis Colts"
1,buffalo-bills,houston-texans,buffalo-bills,-1.5,44.5,yahoo_sports_2026_lookahead,2026-05-26,https://sports.yahoo.com/nfl/betting/article/2026-nfl-betting-lines-odds-for-every-game-this-season-164646933.html,"Buffalo Bills (-1.5, 44.5) at Houston Texans"
1,chicago-bears,carolina-panthers,chicago-bears,-2.5,45.5,yahoo_sports_2026_lookahead,2026-05-26,https://sports.yahoo.com/nfl/betting/article/2026-nfl-betting-lines-odds-for-every-game-this-season-164646933.html,"Chicago Bears (-2.5, 45.5) at Carolina Panthers"
1,cleveland-browns,jacksonville-jaguars,jacksonville-jaguars,-7.5,39.5,yahoo_sports_2026_lookahead,2026-05-26,https://sports.yahoo.com/nfl/betting/article/2026-nfl-betting-lines-odds-for-every-game-this-season-164646933.html,"Cleveland Browns at Jacksonville Jaguars (-7.5, 39.5)"
1,dallas-cowboys,new-york-giants,dallas-cowboys,-2.5,47.5,yahoo_sports_2026_lookahead,2026-05-26,https://sports.yahoo.com/nfl/betting/article/2026-nfl-betting-lines-odds-for-every-game-this-season-164646933.html,"Dallas Cowboys (-2.5, 47.5) at New York Giants"
1,denver-broncos,kansas-city-chiefs,kansas-city-chiefs,-2.5,42.5,yahoo_sports_2026_lookahead,2026-05-26,https://sports.yahoo.com/nfl/betting/article/2026-nfl-betting-lines-odds-for-every-game-this-season-164646933.html,"Denver Broncos at Kansas City Chiefs (-2.5, 42.5)"
1,green-bay-packers,minnesota-vikings,green-bay-packers,-1.5,46.5,yahoo_sports_2026_lookahead,2026-05-26,https://sports.yahoo.com/nfl/betting/article/2026-nfl-betting-lines-odds-for-every-game-this-season-164646933.html,"Green Bay Packers (-1.5, 46.5) at Minnesota Vikings"
1,miami-dolphins,las-vegas-raiders,las-vegas-raiders,-3,40.5,yahoo_sports_2026_lookahead,2026-05-26,https://sports.yahoo.com/nfl/betting/article/2026-nfl-betting-lines-odds-for-every-game-this-season-164646933.html,"Miami Dolphins at Las Vegas Raiders (-3, 40.5)"
1,new-england-patriots,seattle-seahawks,seattle-seahawks,-4.5,45.5,yahoo_sports_2026_lookahead,2026-05-26,https://sports.yahoo.com/nfl/betting/article/2026-nfl-betting-lines-odds-for-every-game-this-season-164646933.html,"New England Patriots at Seattle Seahawks (-4.5, 45.5)"
1,new-orleans-saints,detroit-lions,detroit-lions,-7.5,48.5,yahoo_sports_2026_lookahead,2026-05-26,https://sports.yahoo.com/nfl/betting/article/2026-nfl-betting-lines-odds-for-every-game-this-season-164646933.html,"New Orleans Saints at Detroit Lions (-7.5, 48.5)"
1,new-york-jets,tennessee-titans,tennessee-titans,-2.5,38.5,yahoo_sports_2026_lookahead,2026-05-26,https://sports.yahoo.com/nfl/betting/article/2026-nfl-betting-lines-odds-for-every-game-this-season-164646933.html,"New York Jets at Tennessee Titans (-2.5, 38.5)"
1,san-francisco-49ers,los-angeles-rams,los-angeles-rams,-2.5,49.5,yahoo_sports_2026_lookahead,2026-05-26,https://sports.yahoo.com/nfl/betting/article/2026-nfl-betting-lines-odds-for-every-game-this-season-164646933.html,"San Francisco 49ers vs. Los Angeles Rams (-2.5, 49.5) in Melbourne, Australia"
1,tampa-bay-buccaneers,cincinnati-bengals,cincinnati-bengals,-3.5,51.5,yahoo_sports_2026_lookahead,2026-05-26,https://sports.yahoo.com/nfl/betting/article/2026-nfl-betting-lines-odds-for-every-game-this-season-164646933.html,"Tampa Bay Buccaneers at Cincinnati Bengals (-3.5, 51.5)"
1,washington-commanders,philadelphia-eagles,philadelphia-eagles,-4.5,47.5,yahoo_sports_2026_lookahead,2026-05-26,https://sports.yahoo.com/nfl/betting/article/2026-nfl-betting-lines-odds-for-every-game-this-season-164646933.html,"Washington Commanders at Philadelphia Eagles (-4.5, 47.5)"
2,carolina-panthers,atlanta-falcons,atlanta-falcons,-1.5,43.5,yahoo_sports_2026_lookahead,2026-05-26,https://sports.yahoo.com/nfl/betting/article/2026-nfl-betting-lines-odds-for-every-game-this-season-164646933.html,"Panthers at Falcons (-1.5, 43.5)"
2,cincinnati-bengals,houston-texans,houston-texans,-2.5,46.5,yahoo_sports_2026_lookahead,2026-05-26,https://sports.yahoo.com/nfl/betting/article/2026-nfl-betting-lines-odds-for-every-game-this-season-164646933.html,"Bengals at Texans (-2.5, 46.5)"
2,cleveland-browns,tampa-bay-buccaneers,tampa-bay-buccaneers,-5.5,42.5,yahoo_sports_2026_lookahead,2026-05-26,https://sports.yahoo.com/nfl/betting/article/2026-nfl-betting-lines-odds-for-every-game-this-season-164646933.html,"Browns at Buccaneers (-5.5, 42.5)"
2,detroit-lions,buffalo-bills,buffalo-bills,-3,52.5,yahoo_sports_2026_lookahead,2026-05-26,https://sports.yahoo.com/nfl/betting/article/2026-nfl-betting-lines-odds-for-every-game-this-season-164646933.html,"Lions at Bills (-3, 52.5)"
2,green-bay-packers,new-york-jets,green-bay-packers,-6.5,42.5,yahoo_sports_2026_lookahead,2026-05-26,https://sports.yahoo.com/nfl/betting/article/2026-nfl-betting-lines-odds-for-every-game-this-season-164646933.html,"Packers (-6.5, 42.5) at NY Jets"
2,indianapolis-colts,kansas-city-chiefs,kansas-city-chiefs,-5.5,47.5,yahoo_sports_2026_lookahead,2026-05-26,https://sports.yahoo.com/nfl/betting/article/2026-nfl-betting-lines-odds-for-every-game-this-season-164646933.html,"Colts at Chiefs (-5.5, 47.5)"
2,jacksonville-jaguars,denver-broncos,denver-broncos,-2.5,43.5,yahoo_sports_2026_lookahead,2026-05-26,https://sports.yahoo.com/nfl/betting/article/2026-nfl-betting-lines-odds-for-every-game-this-season-164646933.html,"Jaguars at Broncos (-2.5, 43.5)"
2,las-vegas-raiders,los-angeles-chargers,los-angeles-chargers,-8.5,42.5,yahoo_sports_2026_lookahead,2026-05-26,https://sports.yahoo.com/nfl/betting/article/2026-nfl-betting-lines-odds-for-every-game-this-season-164646933.html,"Raiders at LA Chargers (-8.5, 42.5)"
2,miami-dolphins,san-francisco-49ers,san-francisco-49ers,-10.5,46.5,yahoo_sports_2026_lookahead,2026-05-26,https://sports.yahoo.com/nfl/betting/article/2026-nfl-betting-lines-odds-for-every-game-this-season-164646933.html,"49ers (-10.5, 46.5) at Dolphins"
2,minnesota-vikings,chicago-bears,chicago-bears,-3.5,45.5,yahoo_sports_2026_lookahead,2026-05-26,https://sports.yahoo.com/nfl/betting/article/2026-nfl-betting-lines-odds-for-every-game-this-season-164646933.html,"Vikings at Bears (-3.5, 45.5)"
2,new-orleans-saints,baltimore-ravens,baltimore-ravens,-7.5,46.5,yahoo_sports_2026_lookahead,2026-05-26,https://sports.yahoo.com/nfl/betting/article/2026-nfl-betting-lines-odds-for-every-game-this-season-164646933.html,"Saints at Ravens (-7.5, 46.5)"
2,new-york-giants,los-angeles-rams,los-angeles-rams,-8.5,47.5,yahoo_sports_2026_lookahead,2026-05-26,https://sports.yahoo.com/nfl/betting/article/2026-nfl-betting-lines-odds-for-every-game-this-season-164646933.html,"NY Giants at Rams (-8.5, 47.5)"
2,philadelphia-eagles,tennessee-titans,philadelphia-eagles,-4.5,42.5,yahoo_sports_2026_lookahead,2026-05-26,https://sports.yahoo.com/nfl/betting/article/2026-nfl-betting-lines-odds-for-every-game-this-season-164646933.html,"Eagles (-4.5, 42.5) at Titans"
2,pittsburgh-steelers,new-england-patriots,new-england-patriots,-4.5,43.5,yahoo_sports_2026_lookahead,2026-05-26,https://sports.yahoo.com/nfl/betting/article/2026-nfl-betting-lines-odds-for-every-game-this-season-164646933.html,"Patriots (-4.5, 43.5) at Steelers"
2,seattle-seahawks,arizona-cardinals,seattle-seahawks,-10,44.5,yahoo_sports_2026_lookahead,2026-05-26,https://sports.yahoo.com/nfl/betting/article/2026-nfl-betting-lines-odds-for-every-game-this-season-164646933.html,"Seahawks (-10, 44.5) at Cardinals"
2,washington-commanders,dallas-cowboys,dallas-cowboys,-4.5,51.5,yahoo_sports_2026_lookahead,2026-05-26,https://sports.yahoo.com/nfl/betting/article/2026-nfl-betting-lines-odds-for-every-game-this-season-164646933.html,"Commanders at Cowboys (-4.5, 51.5)"
3,arizona-cardinals,san-francisco-49ers,san-francisco-49ers,-11.5,46.5,yahoo_sports_2026_lookahead,2026-05-26,https://sports.yahoo.com/nfl/betting/article/2026-nfl-betting-lines-odds-for-every-game-this-season-164646933.html,"Cardinals at 49ers (-11.5, 46.5)"
3,atlanta-falcons,green-bay-packers,green-bay-packers,-7.5,46.5,yahoo_sports_2026_lookahead,2026-05-26,https://sports.yahoo.com/nfl/betting/article/2026-nfl-betting-lines-odds-for-every-game-this-season-164646933.html,"Falcons at Packers (-7.5, 46.5)"
3,baltimore-ravens,dallas-cowboys,baltimore-ravens,-2.5,52.5,yahoo_sports_2026_lookahead,2026-05-26,https://sports.yahoo.com/nfl/betting/article/2026-nfl-betting-lines-odds-for-every-game-this-season-164646933.html,"Ravens (-2.5, 52.5) at Cowboys"
3,carolina-panthers,cleveland-browns,carolina-panthers,-1.5,39.5,yahoo_sports_2026_lookahead,2026-05-26,https://sports.yahoo.com/nfl/betting/article/2026-nfl-betting-lines-odds-for-every-game-this-season-164646933.html,"Panthers (-1.5, 39.5) at Browns"
3,cincinnati-bengals,pittsburgh-steelers,cincinnati-bengals,-1.5,47.5,yahoo_sports_2026_lookahead,2026-05-26,https://sports.yahoo.com/nfl/betting/article/2026-nfl-betting-lines-odds-for-every-game-this-season-164646933.html,"Bengals (-1.5, 47.5) at Steelers"
3,houston-texans,indianapolis-colts,houston-texans,-1.5,45.5,yahoo_sports_2026_lookahead,2026-05-26,https://sports.yahoo.com/nfl/betting/article/2026-nfl-betting-lines-odds-for-every-game-this-season-164646933.html,"Texans (-1.5, 45.5) at Colts"
3,kansas-city-chiefs,miami-dolphins,kansas-city-chiefs,-7,44.5,yahoo_sports_2026_lookahead,2026-05-26,https://sports.yahoo.com/nfl/betting/article/2026-nfl-betting-lines-odds-for-every-game-this-season-164646933.html,"Chiefs (-7, 44.5) at Dolphins"
3,las-vegas-raiders,new-orleans-saints,new-orleans-saints,-3,42.5,yahoo_sports_2026_lookahead,2026-05-26,https://sports.yahoo.com/nfl/betting/article/2026-nfl-betting-lines-odds-for-every-game-this-season-164646933.html,"Raiders at Saints (-3, 42.5)"
3,los-angeles-chargers,buffalo-bills,buffalo-bills,-2.5,48.5,yahoo_sports_2026_lookahead,2026-05-26,https://sports.yahoo.com/nfl/betting/article/2026-nfl-betting-lines-odds-for-every-game-this-season-164646933.html,"LA Chargers at Bills (-2.5, 48.5)"
3,los-angeles-rams,denver-broncos,los-angeles-rams,-2.5,45.5,yahoo_sports_2026_lookahead,2026-05-26,https://sports.yahoo.com/nfl/betting/article/2026-nfl-betting-lines-odds-for-every-game-this-season-164646933.html,"Rams (-2.5, 45.5) at Broncos"
3,minnesota-vikings,tampa-bay-buccaneers,tampa-bay-buccaneers,-1.5,44.5,yahoo_sports_2026_lookahead,2026-05-26,https://sports.yahoo.com/nfl/betting/article/2026-nfl-betting-lines-odds-for-every-game-this-season-164646933.html,"Vikings at Buccaneers (-1.5, 44.5)"
3,new-england-patriots,jacksonville-jaguars,jacksonville-jaguars,-1.5,45.5,yahoo_sports_2026_lookahead,2026-05-26,https://sports.yahoo.com/nfl/betting/article/2026-nfl-betting-lines-odds-for-every-game-this-season-164646933.html,"Patriots at Jaguars (-1.5, 45.5)"
3,new-york-jets,detroit-lions,detroit-lions,-9.5,45.5,yahoo_sports_2026_lookahead,2026-05-26,https://sports.yahoo.com/nfl/betting/article/2026-nfl-betting-lines-odds-for-every-game-this-season-164646933.html,"NY Jets at Lions (-9.5, 45.5)"
3,philadelphia-eagles,chicago-bears,chicago-bears,-1.5,46.5,yahoo_sports_2026_lookahead,2026-05-26,https://sports.yahoo.com/nfl/betting/article/2026-nfl-betting-lines-odds-for-every-game-this-season-164646933.html,"Eagles at Bears (-1.5, 46.5)"
3,seattle-seahawks,washington-commanders,seattle-seahawks,-3.5,46.5,yahoo_sports_2026_lookahead,2026-05-26,https://sports.yahoo.com/nfl/betting/article/2026-nfl-betting-lines-odds-for-every-game-this-season-164646933.html,"Seahawks (-3.5, 46.5) at Commanders"
3,tennessee-titans,new-york-giants,new-york-giants,-3,45.5,yahoo_sports_2026_lookahead,2026-05-26,https://sports.yahoo.com/nfl/betting/article/2026-nfl-betting-lines-odds-for-every-game-this-season-164646933.html,"Titans at NY Giants (-3, 45.5)"
4,arizona-cardinals,new-york-giants,new-york-giants,-7.0,45.5,draftkings_espn_scoreboard_2026_09_05,2026-09-05,https://site.api.espn.com/apis/site/v2/sports/football/nfl/scoreboard?dates=2026&seasontype=2&week=4,"NYG -7, O/U 45.5 (DraftKings via ESPN scoreboard)"
4,atlanta-falcons,new-orleans-saints,new-orleans-saints,-2.5,45.5,draftkings_espn_scoreboard_2026_09_05,2026-09-05,https://site.api.espn.com/apis/site/v2/sports/football/nfl/scoreboard?dates=2026&seasontype=2&week=4,"NO -2.5, O/U 45.5 (DraftKings via ESPN scoreboard)"
4,dallas-cowboys,houston-texans,houston-texans,-2.5,47.5,draftkings_espn_scoreboard_2026_09_05,2026-09-05,https://site.api.espn.com/apis/site/v2/sports/football/nfl/scoreboard?dates=2026&seasontype=2&week=4,"HOU -2.5, O/U 47.5 (DraftKings via ESPN scoreboard)"
4,denver-broncos,san-francisco-49ers,san-francisco-49ers,-2.5,46.5,draftkings_espn_scoreboard_2026_09_05,2026-09-05,https://site.api.espn.com/apis/site/v2/sports/football/nfl/scoreboard?dates=2026&seasontype=2&week=4,"SF -2.5, O/U 46.5 (DraftKings via ESPN scoreboard)"
4,detroit-lions,carolina-panthers,detroit-lions,-3.0,47.5,draftkings_espn_scoreboard_2026_09_05,2026-09-05,https://site.api.espn.com/apis/site/v2/sports/football/nfl/scoreboard?dates=2026&seasontype=2&week=4,"DET -3, O/U 47.5 (DraftKings via ESPN scoreboard)"
4,green-bay-packers,tampa-bay-buccaneers,green-bay-packers,-1.5,47.5,draftkings_espn_scoreboard_2026_09_05,2026-09-05,https://site.api.espn.com/apis/site/v2/sports/football/nfl/scoreboard?dates=2026&seasontype=2&week=4,"GB -1.5, O/U 47.5 (DraftKings via ESPN scoreboard)"
4,indianapolis-colts,washington-commanders,washington-commanders,-1.5,50.5,draftkings_espn_scoreboard_2026_09_05,2026-09-05,https://site.api.espn.com/apis/site/v2/sports/football/nfl/scoreboard?dates=2026&seasontype=2&week=4,"WSH -1.5, O/U 50.5 (DraftKings via ESPN scoreboard)"
4,jacksonville-jaguars,cincinnati-bengals,cincinnati-bengals,-2.5,51.5,draftkings_espn_scoreboard_2026_09_05,2026-09-05,https://site.api.espn.com/apis/site/v2/sports/football/nfl/scoreboard?dates=2026&seasontype=2&week=4,"CIN -2.5, O/U 51.5 (DraftKings via ESPN scoreboard)"
4,kansas-city-chiefs,las-vegas-raiders,kansas-city-chiefs,-5.5,43.5,draftkings_espn_scoreboard_2026_09_05,2026-09-05,https://site.api.espn.com/apis/site/v2/sports/football/nfl/scoreboard?dates=2026&seasontype=2&week=4,"KC -5.5, O/U 43.5 (DraftKings via ESPN scoreboard)"
4,los-angeles-chargers,seattle-seahawks,seattle-seahawks,-3.0,45.5,draftkings_espn_scoreboard_2026_09_05,2026-09-05,https://site.api.espn.com/apis/site/v2/sports/football/nfl/scoreboard?dates=2026&seasontype=2&week=4,"SEA -3, O/U 45.5 (DraftKings via ESPN scoreboard)"
4,los-angeles-rams,philadelphia-eagles,los-angeles-rams,-1.5,47.5,draftkings_espn_scoreboard_2026_09_05,2026-09-05,https://site.api.espn.com/apis/site/v2/sports/football/nfl/scoreboard?dates=2026&seasontype=2&week=4,"LAR -1.5, O/U 47.5 (DraftKings via ESPN scoreboard)"
4,miami-dolphins,minnesota-vikings,minnesota-vikings,-7.5,43.5,draftkings_espn_scoreboard_2026_09_05,2026-09-05,https://site.api.espn.com/apis/site/v2/sports/football/nfl/scoreboard?dates=2026&seasontype=2&week=4,"MIN -7.5, O/U 43.5 (DraftKings via ESPN scoreboard)"
4,new-england-patriots,buffalo-bills,buffalo-bills,-3.0,49.5,draftkings_espn_scoreboard_2026_09_05,2026-09-05,https://site.api.espn.com/apis/site/v2/sports/football/nfl/scoreboard?dates=2026&seasontype=2&week=4,"BUF -3, O/U 49.5 (DraftKings via ESPN scoreboard)"
4,new-york-jets,chicago-bears,chicago-bears,-8.5,45.5,draftkings_espn_scoreboard_2026_09_05,2026-09-05,https://site.api.espn.com/apis/site/v2/sports/football/nfl/scoreboard?dates=2026&seasontype=2&week=4,"CHI -8.5, O/U 45.5 (DraftKings via ESPN scoreboard)"
4,pittsburgh-steelers,cleveland-browns,pittsburgh-steelers,-2.5,40.5,draftkings_espn_scoreboard_2026_09_05,2026-09-05,https://site.api.espn.com/apis/site/v2/sports/football/nfl/scoreboard?dates=2026&seasontype=2&week=4,"PIT -2.5, O/U 40.5 (DraftKings via ESPN scoreboard)"
4,tennessee-titans,baltimore-ravens,baltimore-ravens,-8.5,47.5,draftkings_espn_scoreboard_2026_09_05,2026-09-05,https://site.api.espn.com/apis/site/v2/sports/football/nfl/scoreboard?dates=2026&seasontype=2&week=4,"BAL -8.5, O/U 47.5 (DraftKings via ESPN scoreboard)"
5,baltimore-ravens,atlanta-falcons,baltimore-ravens,-4.5,48.5,draftkings_espn_scoreboard_2026_09_05,2026-09-05,https://site.api.espn.com/apis/site/v2/sports/football/nfl/scoreboard?dates=2026&seasontype=2&week=5,"BAL -4.5, O/U 48.5 (DraftKings via ESPN scoreboard)"
5,buffalo-bills,los-angeles-rams,los-angeles-rams,-3.0,53.5,draftkings_espn_scoreboard_2026_09_05,2026-09-05,https://site.api.espn.com/apis/site/v2/sports/football/nfl/scoreboard?dates=2026&seasontype=2&week=5,"LAR -3, O/U 53.5 (DraftKings via ESPN scoreboard)"
5,chicago-bears,green-bay-packers,green-bay-packers,-3.0,49.5,draftkings_espn_scoreboard_2026_09_05,2026-09-05,https://site.api.espn.com/apis/site/v2/sports/football/nfl/scoreboard?dates=2026&seasontype=2&week=5,"GB -3, O/U 49.5 (DraftKings via ESPN scoreboard)"
5,cincinnati-bengals,miami-dolphins,cincinnati-bengals,-6.0,49.5,draftkings_espn_scoreboard_2026_09_05,2026-09-05,https://site.api.espn.com/apis/site/v2/sports/football/nfl/scoreboard?dates=2026&seasontype=2&week=5,"CIN -6, O/U 49.5 (DraftKings via ESPN scoreboard)"
5,cleveland-browns,new-york-jets,new-york-jets,-1.5,39.5,draftkings_espn_scoreboard_2026_09_05,2026-09-05,https://site.api.espn.com/apis/site/v2/sports/football/nfl/scoreboard?dates=2026&seasontype=2&week=5,"NYJ -1.5, O/U 39.5 (DraftKings via ESPN scoreboard)"
5,denver-broncos,los-angeles-chargers,los-angeles-chargers,-2.5,44.5,draftkings_espn_scoreboard_2026_09_05,2026-09-05,https://site.api.espn.com/apis/site/v2/sports/football/nfl/scoreboard?dates=2026&seasontype=2&week=5,"LAC -2.5, O/U 44.5 (DraftKings via ESPN scoreboard)"
5,detroit-lions,arizona-cardinals,detroit-lions,-8.5,48.5,draftkings_espn_scoreboard_2026_09_05,2026-09-05,https://site.api.espn.com/apis/site/v2/sports/football/nfl/scoreboard?dates=2026&seasontype=2&week=5,"DET -8.5, O/U 48.5 (DraftKings via ESPN scoreboard)"
5,houston-texans,tennessee-titans,houston-texans,-3.5,43.5,draftkings_espn_scoreboard_2026_09_05,2026-09-05,https://site.api.espn.com/apis/site/v2/sports/football/nfl/scoreboard?dates=2026&seasontype=2&week=5,"HOU -3.5, O/U 43.5 (DraftKings via ESPN scoreboard)"
5,indianapolis-colts,pittsburgh-steelers,pittsburgh-steelers,-2.5,47.5,draftkings_espn_scoreboard_2026_09_05,2026-09-05,https://site.api.espn.com/apis/site/v2/sports/football/nfl/scoreboard?dates=2026&seasontype=2&week=5,"PIT -2.5, O/U 47.5 (DraftKings via ESPN scoreboard)"
5,las-vegas-raiders,new-england-patriots,new-england-patriots,-8.5,44.5,draftkings_espn_scoreboard_2026_09_05,2026-09-05,https://site.api.espn.com/apis/site/v2/sports/football/nfl/scoreboard?dates=2026&seasontype=2&week=5,"NE -8.5, O/U 44.5 (DraftKings via ESPN scoreboard)"
5,minnesota-vikings,new-orleans-saints,minnesota-vikings,-1.5,44.5,draftkings_espn_scoreboard_2026_09_05,2026-09-05,https://site.api.espn.com/apis/site/v2/sports/football/nfl/scoreboard?dates=2026&seasontype=2&week=5,"MIN -1.5, O/U 44.5 (DraftKings via ESPN scoreboard)"
5,new-york-giants,washington-commanders,washington-commanders,-1.5,48.5,draftkings_espn_scoreboard_2026_09_05,2026-09-05,https://site.api.espn.com/apis/site/v2/sports/football/nfl/scoreboard?dates=2026&seasontype=2&week=5,"WSH -1.5, O/U 48.5 (DraftKings via ESPN scoreboard)"
5,philadelphia-eagles,jacksonville-jaguars,philadelphia-eagles,-1.5,45.5,draftkings_espn_scoreboard_2026_09_05,2026-09-05,https://site.api.espn.com/apis/site/v2/sports/football/nfl/scoreboard?dates=2026&seasontype=2&week=5,"PHI -1.5, O/U 45.5 (DraftKings via ESPN scoreboard)"
5,san-francisco-49ers,seattle-seahawks,seattle-seahawks,-3.5,48.5,draftkings_espn_scoreboard_2026_09_05,2026-09-05,https://site.api.espn.com/apis/site/v2/sports/football/nfl/scoreboard?dates=2026&seasontype=2&week=5,"SEA -3.5, O/U 48.5 (DraftKings via ESPN scoreboard)"
5,tampa-bay-buccaneers,dallas-cowboys,dallas-cowboys,-3.5,52.5,draftkings_espn_scoreboard_2026_09_05,2026-09-05,https://site.api.espn.com/apis/site/v2/sports/football/nfl/scoreboard?dates=2026&seasontype=2&week=5,"DAL -3.5, O/U 52.5 (DraftKings via ESPN scoreboard)"
6,arizona-cardinals,los-angeles-rams,los-angeles-rams,-13.5,47.5,draftkings_espn_scoreboard_2026_09_05,2026-09-05,https://site.api.espn.com/apis/site/v2/sports/football/nfl/scoreboard?dates=2026&seasontype=2&week=6,"LAR -13.5, O/U 47.5 (DraftKings via ESPN scoreboard)"
6,baltimore-ravens,cleveland-browns,baltimore-ravens,-6.5,44.5,draftkings_espn_scoreboard_2026_09_05,2026-09-05,https://site.api.espn.com/apis/site/v2/sports/football/nfl/scoreboard?dates=2026&seasontype=2&week=6,"BAL -6.5, O/U 44.5 (DraftKings via ESPN scoreboard)"
6,buffalo-bills,las-vegas-raiders,buffalo-bills,-6.5,47.5,draftkings_espn_scoreboard_2026_09_05,2026-09-05,https://site.api.espn.com/apis/site/v2/sports/football/nfl/scoreboard?dates=2026&seasontype=2&week=6,"BUF -6.5, O/U 47.5 (DraftKings via ESPN scoreboard)"
6,carolina-panthers,philadelphia-eagles,philadelphia-eagles,-6.5,43.5,draftkings_espn_scoreboard_2026_09_05,2026-09-05,https://site.api.espn.com/apis/site/v2/sports/football/nfl/scoreboard?dates=2026&seasontype=2&week=6,"PHI -6.5, O/U 43.5 (DraftKings via ESPN scoreboard)"
6,chicago-bears,atlanta-falcons,chicago-bears,-3.0,47.5,draftkings_espn_scoreboard_2026_09_05,2026-09-05,https://site.api.espn.com/apis/site/v2/sports/football/nfl/scoreboard?dates=2026&seasontype=2&week=6,"CHI -3, O/U 47.5 (DraftKings via ESPN scoreboard)"
6,dallas-cowboys,green-bay-packers,green-bay-packers,-3.0,51.5,draftkings_espn_scoreboard_2026_09_05,2026-09-05,https://site.api.espn.com/apis/site/v2/sports/football/nfl/scoreboard?dates=2026&seasontype=2&week=6,"GB -3, O/U 51.5 (DraftKings via ESPN scoreboard)"
6,houston-texans,jacksonville-jaguars,jacksonville-jaguars,-1.5,42.5,draftkings_espn_scoreboard_2026_09_05,2026-09-05,https://site.api.espn.com/apis/site/v2/sports/football/nfl/scoreboard?dates=2026&seasontype=2&week=6,"JAX -1.5, O/U 42.5 (DraftKings via ESPN scoreboard)"
6,los-angeles-chargers,kansas-city-chiefs,kansas-city-chiefs,-2.5,46.5,draftkings_espn_scoreboard_2026_09_05,2026-09-05,https://site.api.espn.com/apis/site/v2/sports/football/nfl/scoreboard?dates=2026&seasontype=2&week=6,"KC -2.5, O/U 46.5 (DraftKings via ESPN scoreboard)"
6,new-orleans-saints,new-york-giants,new-york-giants,-2.5,44.5,draftkings_espn_scoreboard_2026_09_05,2026-09-05,https://site.api.espn.com/apis/site/v2/sports/football/nfl/scoreboard?dates=2026&seasontype=2&week=6,"NYG -2.5, O/U 44.5 (DraftKings via ESPN scoreboard)"
6,new-york-jets,new-england-patriots,new-england-patriots,-9.5,42.5,draftkings_espn_scoreboard_2026_09_05,2026-09-05,https://site.api.espn.com/apis/site/v2/sports/football/nfl/scoreboard?dates=2026&seasontype=2&week=6,"NE -9.5, O/U 42.5 (DraftKings via ESPN scoreboard)"
6,pittsburgh-steelers,tampa-bay-buccaneers,tampa-bay-buccaneers,-1.5,45.5,draftkings_espn_scoreboard_2026_09_05,2026-09-05,https://site.api.espn.com/apis/site/v2/sports/football/nfl/scoreboard?dates=2026&seasontype=2&week=6,"TB -1.5, O/U 45.5 (DraftKings via ESPN scoreboard)"
6,seattle-seahawks,denver-broncos,seattle-seahawks,-2.5,43.5,draftkings_espn_scoreboard_2026_09_05,2026-09-05,https://site.api.espn.com/apis/site/v2/sports/football/nfl/scoreboard?dates=2026&seasontype=2&week=6,"SEA -2.5, O/U 43.5 (DraftKings via ESPN scoreboard)"
6,tennessee-titans,indianapolis-colts,indianapolis-colts,-3.5,47.5,draftkings_espn_scoreboard_2026_09_05,2026-09-05,https://site.api.espn.com/apis/site/v2/sports/football/nfl/scoreboard?dates=2026&seasontype=2&week=6,"IND -3.5, O/U 47.5 (DraftKings via ESPN scoreboard)"
6,washington-commanders,san-francisco-49ers,san-francisco-49ers,-5.5,50.5,draftkings_espn_scoreboard_2026_09_05,2026-09-05,https://site.api.espn.com/apis/site/v2/sports/football/nfl/scoreboard?dates=2026&seasontype=2&week=6,"SF -5.5, O/U 50.5 (DraftKings via ESPN scoreboard)"
7,cincinnati-bengals,baltimore-ravens,baltimore-ravens,-3.5,51.5,draftkings_espn_scoreboard_2026_09_05,2026-09-05,https://site.api.espn.com/apis/site/v2/sports/football/nfl/scoreboard?dates=2026&seasontype=2&week=7,"BAL -3.5, O/U 51.5 (DraftKings via ESPN scoreboard)"
7,cleveland-browns,tennessee-titans,tennessee-titans,-2.5,40.5,draftkings_espn_scoreboard_2026_09_05,2026-09-05,https://site.api.espn.com/apis/site/v2/sports/football/nfl/scoreboard?dates=2026&seasontype=2&week=7,"TEN -2.5, O/U 40.5 (DraftKings via ESPN scoreboard)"
7,dallas-cowboys,philadelphia-eagles,philadelphia-eagles,-3.0,48.5,draftkings_espn_scoreboard_2026_09_05,2026-09-05,https://site.api.espn.com/apis/site/v2/sports/football/nfl/scoreboard?dates=2026&seasontype=2&week=7,"PHI -3, O/U 48.5 (DraftKings via ESPN scoreboard)"
7,denver-broncos,arizona-cardinals,denver-broncos,-7.5,43.5,draftkings_espn_scoreboard_2026_09_05,2026-09-05,https://site.api.espn.com/apis/site/v2/sports/football/nfl/scoreboard?dates=2026&seasontype=2&week=7,"DEN -7.5, O/U 43.5 (DraftKings via ESPN scoreboard)"
7,green-bay-packers,detroit-lions,detroit-lions,-2.5,50.5,draftkings_espn_scoreboard_2026_09_05,2026-09-05,https://site.api.espn.com/apis/site/v2/sports/football/nfl/scoreboard?dates=2026&seasontype=2&week=7,"DET -2.5, O/U 50.5 (DraftKings via ESPN scoreboard)"
7,indianapolis-colts,minnesota-vikings,minnesota-vikings,-2.5,46.5,draftkings_espn_scoreboard_2026_09_05,2026-09-05,https://site.api.espn.com/apis/site/v2/sports/football/nfl/scoreboard?dates=2026&seasontype=2&week=7,"MIN -2.5, O/U 46.5 (DraftKings via ESPN scoreboard)"
7,kansas-city-chiefs,seattle-seahawks,seattle-seahawks,-3.0,45.5,draftkings_espn_scoreboard_2026_09_05,2026-09-05,https://site.api.espn.com/apis/site/v2/sports/football/nfl/scoreboard?dates=2026&seasontype=2&week=7,"SEA -3, O/U 45.5 (DraftKings via ESPN scoreboard)"
7,los-angeles-rams,las-vegas-raiders,los-angeles-rams,-7.5,46.5,draftkings_espn_scoreboard_2026_09_05,2026-09-05,https://site.api.espn.com/apis/site/v2/sports/football/nfl/scoreboard?dates=2026&seasontype=2&week=7,"LAR -7.5, O/U 46.5 (DraftKings via ESPN scoreboard)"
7,miami-dolphins,new-york-jets,new-york-jets,-2.5,41.5,draftkings_espn_scoreboard_2026_09_05,2026-09-05,https://site.api.espn.com/apis/site/v2/sports/football/nfl/scoreboard?dates=2026&seasontype=2&week=7,"NYJ -2.5, O/U 41.5 (DraftKings via ESPN scoreboard)"
7,new-england-patriots,chicago-bears,chicago-bears,-1.5,47.5,draftkings_espn_scoreboard_2026_09_05,2026-09-05,https://site.api.espn.com/apis/site/v2/sports/football/nfl/scoreboard?dates=2026&seasontype=2&week=7,"CHI -1.5, O/U 47.5 (DraftKings via ESPN scoreboard)"
7,new-york-giants,houston-texans,houston-texans,-5.5,43.5,draftkings_espn_scoreboard_2026_09_05,2026-09-05,https://site.api.espn.com/apis/site/v2/sports/football/nfl/scoreboard?dates=2026&seasontype=2&week=7,"HOU -5.5, O/U 43.5 (DraftKings via ESPN scoreboard)"
7,pittsburgh-steelers,new-orleans-saints,pittsburgh-steelers,-2.5,42.5,draftkings_espn_scoreboard_2026_09_05,2026-09-05,https://site.api.espn.com/apis/site/v2/sports/football/nfl/scoreboard?dates=2026&seasontype=2&week=7,"PIT -2.5, O/U 42.5 (DraftKings via ESPN scoreboard)"
7,san-francisco-49ers,atlanta-falcons,san-francisco-49ers,-4.5,47.5,draftkings_espn_scoreboard_2026_09_05,2026-09-05,https://site.api.espn.com/apis/site/v2/sports/football/nfl/scoreboard?dates=2026&seasontype=2&week=7,"SF -4.5, O/U 47.5 (DraftKings via ESPN scoreboard)"
7,tampa-bay-buccaneers,carolina-panthers,tampa-bay-buccaneers,-1.5,45.5,draftkings_espn_scoreboard_2026_09_05,2026-09-05,https://site.api.espn.com/apis/site/v2/sports/football/nfl/scoreboard?dates=2026&seasontype=2&week=7,"TB -1.5, O/U 45.5 (DraftKings via ESPN scoreboard)"
8,arizona-cardinals,dallas-cowboys,dallas-cowboys,-10.5,47.5,draftkings_espn_scoreboard_2026_09_05,2026-09-05,https://site.api.espn.com/apis/site/v2/sports/football/nfl/scoreboard?dates=2026&seasontype=2&week=8,"DAL -10.5, O/U 47.5 (DraftKings via ESPN scoreboard)"
8,atlanta-falcons,tampa-bay-buccaneers,tampa-bay-buccaneers,-4.5,46.5,draftkings_espn_scoreboard_2026_09_05,2026-09-05,https://site.api.espn.com/apis/site/v2/sports/football/nfl/scoreboard?dates=2026&seasontype=2&week=8,"TB -4.5, O/U 46.5 (DraftKings via ESPN scoreboard)"
8,baltimore-ravens,buffalo-bills,buffalo-bills,-2.5,51.5,draftkings_espn_scoreboard_2026_09_05,2026-09-05,https://site.api.espn.com/apis/site/v2/sports/football/nfl/scoreboard?dates=2026&seasontype=2&week=8,"BUF -2.5, O/U 51.5 (DraftKings via ESPN scoreboard)"
8,carolina-panthers,green-bay-packers,green-bay-packers,-7.0,45.5,draftkings_espn_scoreboard_2026_09_05,2026-09-05,https://site.api.espn.com/apis/site/v2/sports/football/nfl/scoreboard?dates=2026&seasontype=2&week=8,"GB -7, O/U 45.5 (DraftKings via ESPN scoreboard)"
8,chicago-bears,seattle-seahawks,seattle-seahawks,-4.5,47.5,draftkings_espn_scoreboard_2026_09_05,2026-09-05,https://site.api.espn.com/apis/site/v2/sports/football/nfl/scoreboard?dates=2026&seasontype=2&week=8,"SEA -4.5, O/U 47.5 (DraftKings via ESPN scoreboard)"
8,cleveland-browns,pittsburgh-steelers,pittsburgh-steelers,-6.0,39.5,draftkings_espn_scoreboard_2026_09_05,2026-09-05,https://site.api.espn.com/apis/site/v2/sports/football/nfl/scoreboard?dates=2026&seasontype=2&week=8,"PIT -6, O/U 39.5 (DraftKings via ESPN scoreboard)"
8,indianapolis-colts,jacksonville-jaguars,jacksonville-jaguars,-4.5,49.5,draftkings_espn_scoreboard_2026_09_05,2026-09-05,https://site.api.espn.com/apis/site/v2/sports/football/nfl/scoreboard?dates=2026&seasontype=2&week=8,"JAX -4.5, O/U 49.5 (DraftKings via ESPN scoreboard)"
8,kansas-city-chiefs,denver-broncos,denver-broncos,-1.5,43.5,draftkings_espn_scoreboard_2026_09_05,2026-09-05,https://site.api.espn.com/apis/site/v2/sports/football/nfl/scoreboard?dates=2026&seasontype=2&week=8,"DEN -1.5, O/U 43.5 (DraftKings via ESPN scoreboard)"
8,las-vegas-raiders,new-york-jets,new-york-jets,-1.5,40.5,draftkings_espn_scoreboard_2026_09_05,2026-09-05,https://site.api.espn.com/apis/site/v2/sports/football/nfl/scoreboard?dates=2026&seasontype=2&week=8,"NYJ -1.5, O/U 40.5 (DraftKings via ESPN scoreboard)"
8,los-angeles-chargers,los-angeles-rams,los-angeles-rams,-3.5,48.5,draftkings_espn_scoreboard_2026_09_05,2026-09-05,https://site.api.espn.com/apis/site/v2/sports/football/nfl/scoreboard?dates=2026&seasontype=2&week=8,"LAR -3.5, O/U 48.5 (DraftKings via ESPN scoreboard)"
8,minnesota-vikings,detroit-lions,detroit-lions,-4.5,47.5,draftkings_espn_scoreboard_2026_09_05,2026-09-05,https://site.api.espn.com/apis/site/v2/sports/football/nfl/scoreboard?dates=2026&seasontype=2&week=8,"DET -4.5, O/U 47.5 (DraftKings via ESPN scoreboard)"
8,new-england-patriots,miami-dolphins,new-england-patriots,-7.0,45.5,draftkings_espn_scoreboard_2026_09_05,2026-09-05,https://site.api.espn.com/apis/site/v2/sports/football/nfl/scoreboard?dates=2026&seasontype=2&week=8,"NE -7, O/U 45.5 (DraftKings via ESPN scoreboard)"
8,philadelphia-eagles,washington-commanders,philadelphia-eagles,-1.5,46.5,draftkings_espn_scoreboard_2026_09_05,2026-09-05,https://site.api.espn.com/apis/site/v2/sports/football/nfl/scoreboard?dates=2026&seasontype=2&week=8,"PHI -1.5, O/U 46.5 (DraftKings via ESPN scoreboard)"
8,tennessee-titans,cincinnati-bengals,cincinnati-bengals,-6.5,49.5,draftkings_espn_scoreboard_2026_09_05,2026-09-05,https://site.api.espn.com/apis/site/v2/sports/football/nfl/scoreboard?dates=2026&seasontype=2&week=8,"CIN -6.5, O/U 49.5 (DraftKings via ESPN scoreboard)"
9,arizona-cardinals,seattle-seahawks,seattle-seahawks,-13.5,45.5,draftkings_espn_scoreboard_2026_09_05,2026-09-05,https://site.api.espn.com/apis/site/v2/sports/football/nfl/scoreboard?dates=2026&seasontype=2&week=9,"SEA -13.5, O/U 45.5 (DraftKings via ESPN scoreboard)"
9,buffalo-bills,minnesota-vikings,buffalo-bills,-3.0,48.5,draftkings_espn_scoreboard_2026_09_05,2026-09-05,https://site.api.espn.com/apis/site/v2/sports/football/nfl/scoreboard?dates=2026&seasontype=2&week=9,"BUF -3, O/U 48.5 (DraftKings via ESPN scoreboard)"
9,cincinnati-bengals,atlanta-falcons,cincinnati-bengals,-5.5,49.5,draftkings_espn_scoreboard_2026_09_05,2026-09-05,https://site.api.espn.com/apis/site/v2/sports/football/nfl/scoreboard?dates=2026&seasontype=2&week=9,"CIN -5.5, O/U 49.5 (DraftKings via ESPN scoreboard)"
9,cleveland-browns,new-orleans-saints,new-orleans-saints,-3.5,41.5,draftkings_espn_scoreboard_2026_09_05,2026-09-05,https://site.api.espn.com/apis/site/v2/sports/football/nfl/scoreboard?dates=2026&seasontype=2&week=9,"NO -3.5, O/U 41.5 (DraftKings via ESPN scoreboard)"
9,dallas-cowboys,indianapolis-colts,dallas-cowboys,-1.5,52.5,draftkings_espn_scoreboard_2026_09_05,2026-09-05,https://site.api.espn.com/apis/site/v2/sports/football/nfl/scoreboard?dates=2026&seasontype=2&week=9,"DAL -1.5, O/U 52.5 (DraftKings via ESPN scoreboard)"
9,denver-broncos,carolina-panthers,denver-broncos,-3.0,42.5,draftkings_espn_scoreboard_2026_09_05,2026-09-05,https://site.api.espn.com/apis/site/v2/sports/football/nfl/scoreboard?dates=2026&seasontype=2&week=9,"DEN -3, O/U 42.5 (DraftKings via ESPN scoreboard)"
9,detroit-lions,miami-dolphins,detroit-lions,-6.5,47.5,draftkings_espn_scoreboard_2026_09_05,2026-09-05,https://site.api.espn.com/apis/site/v2/sports/football/nfl/scoreboard?dates=2026&seasontype=2&week=9,"DET -6.5, O/U 47.5 (DraftKings via ESPN scoreboard)"
9,green-bay-packers,new-england-patriots,new-england-patriots,-1.5,46.5,draftkings_espn_scoreboard_2026_09_05,2026-09-05,https://site.api.espn.com/apis/site/v2/sports/football/nfl/scoreboard?dates=2026&seasontype=2&week=9,"NE -1.5, O/U 46.5 (DraftKings via ESPN scoreboard)"
9,houston-texans,los-angeles-chargers,los-angeles-chargers,-2.5,43.5,draftkings_espn_scoreboard_2026_09_05,2026-09-05,https://site.api.espn.com/apis/site/v2/sports/football/nfl/scoreboard?dates=2026&seasontype=2&week=9,"LAC -2.5, O/U 43.5 (DraftKings via ESPN scoreboard)"
9,jacksonville-jaguars,baltimore-ravens,baltimore-ravens,-4.5,49.5,draftkings_espn_scoreboard_2026_09_05,2026-09-05,https://site.api.espn.com/apis/site/v2/sports/football/nfl/scoreboard?dates=2026&seasontype=2&week=9,"BAL -4.5, O/U 49.5 (DraftKings via ESPN scoreboard)"
9,las-vegas-raiders,san-francisco-49ers,san-francisco-49ers,-8.5,46.5,draftkings_espn_scoreboard_2026_09_05,2026-09-05,https://site.api.espn.com/apis/site/v2/sports/football/nfl/scoreboard?dates=2026&seasontype=2&week=9,"SF -8.5, O/U 46.5 (DraftKings via ESPN scoreboard)"
9,los-angeles-rams,washington-commanders,los-angeles-rams,-5.5,50.5,draftkings_espn_scoreboard_2026_09_05,2026-09-05,https://site.api.espn.com/apis/site/v2/sports/football/nfl/scoreboard?dates=2026&seasontype=2&week=9,"LAR -5.5, O/U 50.5 (DraftKings via ESPN scoreboard)"
9,new-york-giants,philadelphia-eagles,philadelphia-eagles,-5.5,44.5,draftkings_espn_scoreboard_2026_09_05,2026-09-05,https://site.api.espn.com/apis/site/v2/sports/football/nfl/scoreboard?dates=2026&seasontype=2&week=9,"PHI -5.5, O/U 44.5 (DraftKings via ESPN scoreboard)"
9,new-york-jets,kansas-city-chiefs,kansas-city-chiefs,-9.5,41.5,draftkings_espn_scoreboard_2026_09_05,2026-09-05,https://site.api.espn.com/apis/site/v2/sports/football/nfl/scoreboard?dates=2026&seasontype=2&week=9,"KC -9.5, O/U 41.5 (DraftKings via ESPN scoreboard)"
9,tampa-bay-buccaneers,chicago-bears,chicago-bears,-3.5,48.5,draftkings_espn_scoreboard_2026_09_05,2026-09-05,https://site.api.espn.com/apis/site/v2/sports/football/nfl/scoreboard?dates=2026&seasontype=2&week=9,"CHI -3.5, O/U 48.5 (DraftKings via ESPN scoreboard)"
10,buffalo-bills,new-york-jets,buffalo-bills,-7,46.5,yahoo_sports_2026_lookahead,2026-05-26,https://sports.yahoo.com/nfl/betting/article/2026-nfl-betting-lines-odds-for-every-game-this-season-164646933.html,"Bills (-7, 46.5) at NY Jets"
10,carolina-panthers,new-orleans-saints,new-orleans-saints,-1.5,43.5,yahoo_sports_2026_lookahead,2026-05-26,https://sports.yahoo.com/nfl/betting/article/2026-nfl-betting-lines-odds-for-every-game-this-season-164646933.html,"Panthers at Saints (-1.5, 43.5)"
10,houston-texans,cleveland-browns,houston-texans,-4.5,38.5,yahoo_sports_2026_lookahead,2026-05-26,https://sports.yahoo.com/nfl/betting/article/2026-nfl-betting-lines-odds-for-every-game-this-season-164646933.html,"Texans (-4.5, 38.5) at Browns"
10,jacksonville-jaguars,tennessee-titans,jacksonville-jaguars,-2.5,45.5,yahoo_sports_2026_lookahead,2026-05-26,https://sports.yahoo.com/nfl/betting/article/2026-nfl-betting-lines-odds-for-every-game-this-season-164646933.html,"Jaguars (-2.5, 45.5) at Titans"
10,kansas-city-chiefs,atlanta-falcons,kansas-city-chiefs,-4.5,45.5,yahoo_sports_2026_lookahead,2026-05-26,https://sports.yahoo.com/nfl/betting/article/2026-nfl-betting-lines-odds-for-every-game-this-season-164646933.html,"Chiefs (-4.5, 45.5) at Falcons"
10,los-angeles-chargers,baltimore-ravens,baltimore-ravens,-2.5,48.5,yahoo_sports_2026_lookahead,2026-05-26,https://sports.yahoo.com/nfl/betting/article/2026-nfl-betting-lines-odds-for-every-game-this-season-164646933.html,"LA Chargers at Ravens (-2.5, 48.5)"
10,los-angeles-rams,arizona-cardinals,los-angeles-rams,-10.5,47.5,yahoo_sports_2026_lookahead,2026-05-26,https://sports.yahoo.com/nfl/betting/article/2026-nfl-betting-lines-odds-for-every-game-this-season-164646933.html,"LA Rams (-10.5, 47.5) at Cardinals"
10,miami-dolphins,indianapolis-colts,indianapolis-colts,-6.5,47.5,yahoo_sports_2026_lookahead,2026-05-26,https://sports.yahoo.com/nfl/betting/article/2026-nfl-betting-lines-odds-for-every-game-this-season-164646933.html,"Dolphins at Colts (-6.5, 47.5)"
10,minnesota-vikings,green-bay-packers,green-bay-packers,-4.5,45.5,yahoo_sports_2026_lookahead,2026-05-26,https://sports.yahoo.com/nfl/betting/article/2026-nfl-betting-lines-odds-for-every-game-this-season-164646933.html,"Vikings at Packers (-4.5, 45.5)"
10,new-england-patriots,detroit-lions,detroit-lions,-1.5,48.5,yahoo_sports_2026_lookahead,2026-05-26,https://sports.yahoo.com/nfl/betting/article/2026-nfl-betting-lines-odds-for-every-game-this-season-164646933.html,"Patriots at Lions (-1.5, 48.5) (Munich)"
10,pittsburgh-steelers,cincinnati-bengals,cincinnati-bengals,-3.5,47.5,yahoo_sports_2026_lookahead,2026-05-26,https://sports.yahoo.com/nfl/betting/article/2026-nfl-betting-lines-odds-for-every-game-this-season-164646933.html,"Steelers at Bengals (-3.5, 47.5)"
10,san-francisco-49ers,dallas-cowboys,dallas-cowboys,-1.5,52.5,yahoo_sports_2026_lookahead,2026-05-26,https://sports.yahoo.com/nfl/betting/article/2026-nfl-betting-lines-odds-for-every-game-this-season-164646933.html,"49ers at Cowboys (-1.5, 52.5)"
10,seattle-seahawks,las-vegas-raiders,seattle-seahawks,-7,43.5,yahoo_sports_2026_lookahead,2026-05-26,https://sports.yahoo.com/nfl/betting/article/2026-nfl-betting-lines-odds-for-every-game-this-season-164646933.html,"Seahawks (-7, 43.5) at Raiders"
10,washington-commanders,new-york-giants,new-york-giants,-1.5,47.5,yahoo_sports_2026_lookahead,2026-05-26,https://sports.yahoo.com/nfl/betting/article/2026-nfl-betting-lines-odds-for-every-game-this-season-164646933.html,"Commanders at NY Giants (-1.5, 47.5)"
11,arizona-cardinals,kansas-city-chiefs,kansas-city-chiefs,-11.5,44.5,yahoo_sports_2026_lookahead,2026-05-26,https://sports.yahoo.com/nfl/betting/article/2026-nfl-betting-lines-odds-for-every-game-this-season-164646933.html,"Cardinals at Chiefs (-11.5, 44.5)"
11,baltimore-ravens,carolina-panthers,baltimore-ravens,-4.5,46.5,yahoo_sports_2026_lookahead,2026-05-26,https://sports.yahoo.com/nfl/betting/article/2026-nfl-betting-lines-odds-for-every-game-this-season-164646933.html,"Ravens (-4.5, 46.5) at Panthers"
11,cincinnati-bengals,washington-commanders,cincinnati-bengals,-1.5,52.5,yahoo_sports_2026_lookahead,2026-05-26,https://sports.yahoo.com/nfl/betting/article/2026-nfl-betting-lines-odds-for-every-game-this-season-164646933.html,"Bengals (-1.5, 52.5) at Commanders"
11,indianapolis-colts,houston-texans,houston-texans,-5.5,45.5,yahoo_sports_2026_lookahead,2026-05-26,https://sports.yahoo.com/nfl/betting/article/2026-nfl-betting-lines-odds-for-every-game-this-season-164646933.html,"Colts at Texans (-5.5, 45.5)"
11,jacksonville-jaguars,new-york-giants,jacksonville-jaguars,-1.5,46.5,yahoo_sports_2026_lookahead,2026-05-26,https://sports.yahoo.com/nfl/betting/article/2026-nfl-betting-lines-odds-for-every-game-this-season-164646933.html,"Jaguars (-1.5, 46.5) at NY Giants"
11,las-vegas-raiders,denver-broncos,denver-broncos,-8.5,41.5,yahoo_sports_2026_lookahead,2026-05-26,https://sports.yahoo.com/nfl/betting/article/2026-nfl-betting-lines-odds-for-every-game-this-season-164646933.html,"Raiders at Broncos (-8.5, 41.5)"
11,miami-dolphins,buffalo-bills,buffalo-bills,-11.5,47.5,yahoo_sports_2026_lookahead,2026-05-26,https://sports.yahoo.com/nfl/betting/article/2026-nfl-betting-lines-odds-for-every-game-this-season-164646933.html,"Dolphins at Bills (-11.5, 47.5)"
11,minnesota-vikings,san-francisco-49ers,san-francisco-49ers,-3.5,46.5,yahoo_sports_2026_lookahead,2026-05-26,https://sports.yahoo.com/nfl/betting/article/2026-nfl-betting-lines-odds-for-every-game-this-season-164646933.html,"Vikings at 49ers (-3.5, 46.5)"
11,new-orleans-saints,chicago-bears,chicago-bears,-6.5,46.5,yahoo_sports_2026_lookahead,2026-05-26,https://sports.yahoo.com/nfl/betting/article/2026-nfl-betting-lines-odds-for-every-game-this-season-164646933.html,"Saints at Bears (-6.5, 46.5)"
11,new-york-jets,los-angeles-chargers,los-angeles-chargers,-9.5,41.5,yahoo_sports_2026_lookahead,2026-05-26,https://sports.yahoo.com/nfl/betting/article/2026-nfl-betting-lines-odds-for-every-game-this-season-164646933.html,"NY Jets at LA Chargers (-9.5, 41.5)"
11,pittsburgh-steelers,philadelphia-eagles,philadelphia-eagles,-5.5,42.5,yahoo_sports_2026_lookahead,2026-05-26,https://sports.yahoo.com/nfl/betting/article/2026-nfl-betting-lines-odds-for-every-game-this-season-164646933.html,"Steelers at Eagles (-5.5, 42.5)"
11,tampa-bay-buccaneers,detroit-lions,detroit-lions,-4.5,49.5,yahoo_sports_2026_lookahead,2026-05-26,https://sports.yahoo.com/nfl/betting/article/2026-nfl-betting-lines-odds-for-every-game-this-season-164646933.html,"Buccaneers at Lions (-4.5, 49.5)"
11,tennessee-titans,dallas-cowboys,dallas-cowboys,-6.5,48.5,yahoo_sports_2026_lookahead,2026-05-26,https://sports.yahoo.com/nfl/betting/article/2026-nfl-betting-lines-odds-for-every-game-this-season-164646933.html,"Titans at Cowboys (-6.5, 48.5)"
12,atlanta-falcons,minnesota-vikings,minnesota-vikings,-4.5,43.5,yahoo_sports_2026_lookahead,2026-05-26,https://sports.yahoo.com/nfl/betting/article/2026-nfl-betting-lines-odds-for-every-game-this-season-164646933.html,"Falcons at Vikings (-4.5, 43.5)"
12,baltimore-ravens,houston-texans,houston-texans,-1.5,45.5,yahoo_sports_2026_lookahead,2026-05-26,https://sports.yahoo.com/nfl/betting/article/2026-nfl-betting-lines-odds-for-every-game-this-season-164646933.html,"Ravens at Texans (-1.5, 45.5)"
12,carolina-panthers,tampa-bay-buccaneers,tampa-bay-buccaneers,-3.5,44.5,yahoo_sports_2026_lookahead,2026-05-26,https://sports.yahoo.com/nfl/betting/article/2026-nfl-betting-lines-odds-for-every-game-this-season-164646933.html,"Panthers at Buccaneers (-3.5, 44.5)"
12,chicago-bears,detroit-lions,detroit-lions,-2.5,51.5,yahoo_sports_2026_lookahead,2026-05-26,https://sports.yahoo.com/nfl/betting/article/2026-nfl-betting-lines-odds-for-every-game-this-season-164646933.html,"Bears at Lions (-2.5, 51.5)"
12,denver-broncos,pittsburgh-steelers,denver-broncos,-1.5,41.5,yahoo_sports_2026_lookahead,2026-05-26,https://sports.yahoo.com/nfl/betting/article/2026-nfl-betting-lines-odds-for-every-game-this-season-164646933.html,"Broncos (-1.5, 41.5) at Steelers"
12,green-bay-packers,los-angeles-rams,los-angeles-rams,-3.5,49.5,yahoo_sports_2026_lookahead,2026-05-26,https://sports.yahoo.com/nfl/betting/article/2026-nfl-betting-lines-odds-for-every-game-this-season-164646933.html,"Packers at LA Rams (-3.5, 49.5)"
12,kansas-city-chiefs,buffalo-bills,buffalo-bills,-2.5,49.5,yahoo_sports_2026_lookahead,2026-05-26,https://sports.yahoo.com/nfl/betting/article/2026-nfl-betting-lines-odds-for-every-game-this-season-164646933.html,"Chiefs at Bills (-2.5, 49.5)"
12,las-vegas-raiders,cleveland-browns,cleveland-browns,-2.5,39.5,yahoo_sports_2026_lookahead,2026-05-26,https://sports.yahoo.com/nfl/betting/article/2026-nfl-betting-lines-odds-for-every-game-this-season-164646933.html,"Raiders at Browns (-2.5, 39.5)"
12,new-england-patriots,los-angeles-chargers,los-angeles-chargers,-2.5,45.5,yahoo_sports_2026_lookahead,2026-05-26,https://sports.yahoo.com/nfl/betting/article/2026-nfl-betting-lines-odds-for-every-game-this-season-164646933.html,"Patriots at LA Chargers (-2.5, 45.5)"
12,new-orleans-saints,cincinnati-bengals,cincinnati-bengals,-6.5,48.5,yahoo_sports_2026_lookahead,2026-05-26,https://sports.yahoo.com/nfl/betting/article/2026-nfl-betting-lines-odds-for-every-game-this-season-164646933.html,"Saints at Bengals (-6.5, 48.5)"
12,new-york-giants,indianapolis-colts,indianapolis-colts,-2.5,47.5,yahoo_sports_2026_lookahead,2026-05-26,https://sports.yahoo.com/nfl/betting/article/2026-nfl-betting-lines-odds-for-every-game-this-season-164646933.html,"NY Giants at Colts (-2.5, 47.5)"
12,new-york-jets,miami-dolphins,miami-dolphins,-1.5,40.5,yahoo_sports_2026_lookahead,2026-05-26,https://sports.yahoo.com/nfl/betting/article/2026-nfl-betting-lines-odds-for-every-game-this-season-164646933.html,"NY Jets at Dolphins (-1.5, 40.5)"
12,philadelphia-eagles,dallas-cowboys,dallas-cowboys,-1.5,49.5,yahoo_sports_2026_lookahead,2026-05-26,https://sports.yahoo.com/nfl/betting/article/2026-nfl-betting-lines-odds-for-every-game-this-season-164646933.html,"Eagles at Cowboys (-1.5, 49.5)"
12,seattle-seahawks,san-francisco-49ers,san-francisco-49ers,-1.5,46.5,yahoo_sports_2026_lookahead,2026-05-26,https://sports.yahoo.com/nfl/betting/article/2026-nfl-betting-lines-odds-for-every-game-this-season-164646933.html,"Seahawks at 49ers (-1.5, 46.5)"
12,tennessee-titans,jacksonville-jaguars,jacksonville-jaguars,-5.5,45.5,yahoo_sports_2026_lookahead,2026-05-26,https://sports.yahoo.com/nfl/betting/article/2026-nfl-betting-lines-odds-for-every-game-this-season-164646933.html,"Titans at Jaguars (-5.5, 45.5)"
12,washington-commanders,arizona-cardinals,washington-commanders,-4.5,47.5,yahoo_sports_2026_lookahead,2026-05-26,https://sports.yahoo.com/nfl/betting/article/2026-nfl-betting-lines-odds-for-every-game-this-season-164646933.html,"Commanders (-4.5, 47.5) at Cardinals"
13,buffalo-bills,new-england-patriots,new-england-patriots,-1.5,48.5,yahoo_sports_2026_lookahead,2026-05-26,https://sports.yahoo.com/nfl/betting/article/2026-nfl-betting-lines-odds-for-every-game-this-season-164646933.html,"Bills at Patriots (-1.5, 48.5)"
13,carolina-panthers,minnesota-vikings,minnesota-vikings,-3.5,42.5,yahoo_sports_2026_lookahead,2026-05-26,https://sports.yahoo.com/nfl/betting/article/2026-nfl-betting-lines-odds-for-every-game-this-season-164646933.html,"Panthers at Vikings (-3.5, 42.5)"
13,cincinnati-bengals,cleveland-browns,cincinnati-bengals,-4.5,45.5,yahoo_sports_2026_lookahead,2026-05-26,https://sports.yahoo.com/nfl/betting/article/2026-nfl-betting-lines-odds-for-every-game-this-season-164646933.html,"Bengals (-4.5, 45.5) at Browns"
13,dallas-cowboys,seattle-seahawks,seattle-seahawks,-4.5,48.5,yahoo_sports_2026_lookahead,2026-05-26,https://sports.yahoo.com/nfl/betting/article/2026-nfl-betting-lines-odds-for-every-game-this-season-164646933.html,"Cowboys at Seahawks (-4.5, 48.5)"
13,detroit-lions,atlanta-falcons,detroit-lions,-3.5,48.5,yahoo_sports_2026_lookahead,2026-05-26,https://sports.yahoo.com/nfl/betting/article/2026-nfl-betting-lines-odds-for-every-game-this-season-164646933.html,"Lions (-3.5, 48.5) at Falcons"
13,green-bay-packers,new-orleans-saints,green-bay-packers,-4.5,45.5,yahoo_sports_2026_lookahead,2026-05-26,https://sports.yahoo.com/nfl/betting/article/2026-nfl-betting-lines-odds-for-every-game-this-season-164646933.html,"Packers (-4.5, 45.5) at Saints"
13,houston-texans,pittsburgh-steelers,houston-texans,-1.5,41.5,yahoo_sports_2026_lookahead,2026-05-26,https://sports.yahoo.com/nfl/betting/article/2026-nfl-betting-lines-odds-for-every-game-this-season-164646933.html,"Texans (-1.5, 41.5) at Steelers"
13,jacksonville-jaguars,chicago-bears,chicago-bears,-2.5,47.5,yahoo_sports_2026_lookahead,2026-05-26,https://sports.yahoo.com/nfl/betting/article/2026-nfl-betting-lines-odds-for-every-game-this-season-164646933.html,"Jaguars at Bears (-2.5, 47.5)"
13,kansas-city-chiefs,los-angeles-rams,los-angeles-rams,-3.5,47.5,yahoo_sports_2026_lookahead,2026-05-26,https://sports.yahoo.com/nfl/betting/article/2026-nfl-betting-lines-odds-for-every-game-this-season-164646933.html,"Chiefs at LA Rams (-3.5, 47.5)"
13,los-angeles-chargers,tampa-bay-buccaneers,los-angeles-chargers,-1.5,46.5,yahoo_sports_2026_lookahead,2026-05-26,https://sports.yahoo.com/nfl/betting/article/2026-nfl-betting-lines-odds-for-every-game-this-season-164646933.html,"LA Chargers (-1.5, 46.5) at Buccaneers"
13,miami-dolphins,denver-broncos,denver-broncos,-9.5,42.5,yahoo_sports_2026_lookahead,2026-05-26,https://sports.yahoo.com/nfl/betting/article/2026-nfl-betting-lines-odds-for-every-game-this-season-164646933.html,"Dolphins at Broncos (-9.5, 42.5)"
13,philadelphia-eagles,arizona-cardinals,philadelphia-eagles,-8.5,43.5,yahoo_sports_2026_lookahead,2026-05-26,https://sports.yahoo.com/nfl/betting/article/2026-nfl-betting-lines-odds-for-every-game-this-season-164646933.html,"Eagles (-8.5, 43.5) at Cardinals"
13,san-francisco-49ers,new-york-giants,san-francisco-49ers,-3,47.5,yahoo_sports_2026_lookahead,2026-05-26,https://sports.yahoo.com/nfl/betting/article/2026-nfl-betting-lines-odds-for-every-game-this-season-164646933.html,"49ers (-3, 47.5) at NY Giants"
13,washington-commanders,tennessee-titans,washington-commanders,-1.5,46.5,yahoo_sports_2026_lookahead,2026-05-26,https://sports.yahoo.com/nfl/betting/article/2026-nfl-betting-lines-odds-for-every-game-this-season-164646933.html,"Commanders (-1.5, 46.5) at Titans"
14,atlanta-falcons,cleveland-browns,cleveland-browns,-1.5,40.5,yahoo_sports_2026_lookahead,2026-05-26,https://sports.yahoo.com/nfl/betting/article/2026-nfl-betting-lines-odds-for-every-game-this-season-164646933.html,"Falcons at Browns (-1.5, 40.5)"
14,buffalo-bills,green-bay-packers,green-bay-packers,-1.5,49.5,yahoo_sports_2026_lookahead,2026-05-26,https://sports.yahoo.com/nfl/betting/article/2026-nfl-betting-lines-odds-for-every-game-this-season-164646933.html,"Bills at Packers (-1.5, 49.5)"
14,chicago-bears,miami-dolphins,chicago-bears,-5.5,46.5,yahoo_sports_2026_lookahead,2026-05-26,https://sports.yahoo.com/nfl/betting/article/2026-nfl-betting-lines-odds-for-every-game-this-season-164646933.html,"Bears (-5.5, 46.5) at Dolphins"
14,denver-broncos,new-york-jets,denver-broncos,-5.5,39.5,yahoo_sports_2026_lookahead,2026-05-26,https://sports.yahoo.com/nfl/betting/article/2026-nfl-betting-lines-odds-for-every-game-this-season-164646933.html,"Broncos (-5.5, 39.5) at NY Jets"
14,houston-texans,washington-commanders,houston-texans,-2.5,44.5,yahoo_sports_2026_lookahead,2026-05-26,https://sports.yahoo.com/nfl/betting/article/2026-nfl-betting-lines-odds-for-every-game-this-season-164646933.html,"Texans (-2.5, 44.5) at Commanders"
14,indianapolis-colts,philadelphia-eagles,philadelphia-eagles,-5.5,46.5,yahoo_sports_2026_lookahead,2026-05-26,https://sports.yahoo.com/nfl/betting/article/2026-nfl-betting-lines-odds-for-every-game-this-season-164646933.html,"Colts at Eagles (-5.5, 46.5)"
14,kansas-city-chiefs,cincinnati-bengals,cincinnati-bengals,-1.5,48.5,yahoo_sports_2026_lookahead,2026-05-26,https://sports.yahoo.com/nfl/betting/article/2026-nfl-betting-lines-odds-for-every-game-this-season-164646933.html,"Chiefs at Bengals (-1.5, 48.5)"
14,los-angeles-chargers,las-vegas-raiders,los-angeles-chargers,-5.5,43.5,yahoo_sports_2026_lookahead,2026-05-26,https://sports.yahoo.com/nfl/betting/article/2026-nfl-betting-lines-odds-for-every-game-this-season-164646933.html,"LA Chargers (-5.5, 43.5) at Raiders"
14,los-angeles-rams,san-francisco-49ers,los-angeles-rams,-1.5,49.5,yahoo_sports_2026_lookahead,2026-05-26,https://sports.yahoo.com/nfl/betting/article/2026-nfl-betting-lines-odds-for-every-game-this-season-164646933.html,"LA Rams (-1.5, 49.5) at 49ers"
14,minnesota-vikings,new-england-patriots,new-england-patriots,-4.5,43.5,yahoo_sports_2026_lookahead,2026-05-26,https://sports.yahoo.com/nfl/betting/article/2026-nfl-betting-lines-odds-for-every-game-this-season-164646933.html,"Vikings at Patriots (-4.5, 43.5)"
14,new-orleans-saints,carolina-panthers,carolina-panthers,-2.5,43.5,yahoo_sports_2026_lookahead,2026-05-26,https://sports.yahoo.com/nfl/betting/article/2026-nfl-betting-lines-odds-for-every-game-this-season-164646933.html,"Saints at Panthers (-2.5, 43.5)"
14,new-york-giants,seattle-seahawks,seattle-seahawks,-7.5,45.5,yahoo_sports_2026_lookahead,2026-05-26,https://sports.yahoo.com/nfl/betting/article/2026-nfl-betting-lines-odds-for-every-game-this-season-164646933.html,"NY Giants at Seahawks (-7.5, 45.5)"
14,pittsburgh-steelers,jacksonville-jaguars,jacksonville-jaguars,-3,44.5,yahoo_sports_2026_lookahead,2026-05-26,https://sports.yahoo.com/nfl/betting/article/2026-nfl-betting-lines-odds-for-every-game-this-season-164646933.html,"Steelers at Jaguars (-3, 44.5)"
14,tampa-bay-buccaneers,baltimore-ravens,baltimore-ravens,-6,48.5,yahoo_sports_2026_lookahead,2026-05-26,https://sports.yahoo.com/nfl/betting/article/2026-nfl-betting-lines-odds-for-every-game-this-season-164646933.html,"Buccaneers at Ravens (-6, 48.5)"
14,tennessee-titans,detroit-lions,detroit-lions,-7.5,47.5,yahoo_sports_2026_lookahead,2026-05-26,https://sports.yahoo.com/nfl/betting/article/2026-nfl-betting-lines-odds-for-every-game-this-season-164646933.html,"Titans at Lions (-7.5, 47.5)"
15,atlanta-falcons,washington-commanders,washington-commanders,-3.5,46.5,yahoo_sports_2026_lookahead,2026-05-26,https://sports.yahoo.com/nfl/betting/article/2026-nfl-betting-lines-odds-for-every-game-this-season-164646933.html,"Falcons at Commanders (-3.5, 46.5)"
15,baltimore-ravens,pittsburgh-steelers,baltimore-ravens,-2.5,45.5,yahoo_sports_2026_lookahead,2026-05-26,https://sports.yahoo.com/nfl/betting/article/2026-nfl-betting-lines-odds-for-every-game-this-season-164646933.html,"Ravens (-2.5, 45.5) at Steelers"
15,chicago-bears,buffalo-bills,buffalo-bills,-3.5,51.5,yahoo_sports_2026_lookahead,2026-05-26,https://sports.yahoo.com/nfl/betting/article/2026-nfl-betting-lines-odds-for-every-game-this-season-164646933.html,"Bears at Bills (-3.5, 51.5)"
15,cincinnati-bengals,carolina-panthers,cincinnati-bengals,-2.5,47.5,yahoo_sports_2026_lookahead,2026-05-26,https://sports.yahoo.com/nfl/betting/article/2026-nfl-betting-lines-odds-for-every-game-this-season-164646933.html,"Bengals (-2.5, 47.5) at Panthers"
15,cleveland-browns,new-york-giants,new-york-giants,-4.5,40.5,yahoo_sports_2026_lookahead,2026-05-26,https://sports.yahoo.com/nfl/betting/article/2026-nfl-betting-lines-odds-for-every-game-this-season-164646933.html,"Browns at NY Giants (-4.5, 40.5)"
15,dallas-cowboys,los-angeles-rams,los-angeles-rams,-5.5,52.5,yahoo_sports_2026_lookahead,2026-05-26,https://sports.yahoo.com/nfl/betting/article/2026-nfl-betting-lines-odds-for-every-game-this-season-164646933.html,"Cowboys at LA Rams (-5.5, 52.5)"
15,denver-broncos,las-vegas-raiders,denver-broncos,-4.5,41.5,yahoo_sports_2026_lookahead,2026-05-26,https://sports.yahoo.com/nfl/betting/article/2026-nfl-betting-lines-odds-for-every-game-this-season-164646933.html,"Broncos (-4.5, 41.5) at Raiders"
15,detroit-lions,minnesota-vikings,detroit-lions,-1.5,46.5,yahoo_sports_2026_lookahead,2026-05-26,https://sports.yahoo.com/nfl/betting/article/2026-nfl-betting-lines-odds-for-every-game-this-season-164646933.html,"Lions (-1.5, 46.5) at Vikings"
15,indianapolis-colts,tennessee-titans,indianapolis-colts,-1.5,47.5,yahoo_sports_2026_lookahead,2026-05-26,https://sports.yahoo.com/nfl/betting/article/2026-nfl-betting-lines-odds-for-every-game-this-season-164646933.html,"Colts (-1.5, 47.5) at Titans"
15,jacksonville-jaguars,houston-texans,houston-texans,-3,43.5,yahoo_sports_2026_lookahead,2026-05-26,https://sports.yahoo.com/nfl/betting/article/2026-nfl-betting-lines-odds-for-every-game-this-season-164646933.html,"Jaguars at Texans (-3, 43.5)"
15,miami-dolphins,green-bay-packers,green-bay-packers,-10.5,45.5,yahoo_sports_2026_lookahead,2026-05-26,https://sports.yahoo.com/nfl/betting/article/2026-nfl-betting-lines-odds-for-every-game-this-season-164646933.html,"Dolphins at Packers (-10.5, 45.5)"
15,new-england-patriots,kansas-city-chiefs,kansas-city-chiefs,-2.5,45.5,yahoo_sports_2026_lookahead,2026-05-26,https://sports.yahoo.com/nfl/betting/article/2026-nfl-betting-lines-odds-for-every-game-this-season-164646933.html,"Patriots at Chiefs (-2.5, 45.5)"
15,new-orleans-saints,tampa-bay-buccaneers,tampa-bay-buccaneers,-3.5,45.5,yahoo_sports_2026_lookahead,2026-05-26,https://sports.yahoo.com/nfl/betting/article/2026-nfl-betting-lines-odds-for-every-game-this-season-164646933.html,"Saints at Buccaneers (-3.5, 45.5)"
15,new-york-jets,arizona-cardinals,new-york-jets,-1.5,41.5,yahoo_sports_2026_lookahead,2026-05-26,https://sports.yahoo.com/nfl/betting/article/2026-nfl-betting-lines-odds-for-every-game-this-season-164646933.html,"NY Jets (-1.5, 41.5) at Cardinals"
15,san-francisco-49ers,los-angeles-chargers,los-angeles-chargers,-2.5,47.5,yahoo_sports_2026_lookahead,2026-05-26,https://sports.yahoo.com/nfl/betting/article/2026-nfl-betting-lines-odds-for-every-game-this-season-164646933.html,"49ers at LA Chargers (-2.5, 47.5)"
15,seattle-seahawks,philadelphia-eagles,philadelphia-eagles,-1.5,43.5,yahoo_sports_2026_lookahead,2026-05-26,https://sports.yahoo.com/nfl/betting/article/2026-nfl-betting-lines-odds-for-every-game-this-season-164646933.html,"Seahawks at Eagles (-1.5, 43.5)"
16,arizona-cardinals,new-orleans-saints,new-orleans-saints,-5.5,44.5,yahoo_sports_2026_lookahead,2026-05-26,https://sports.yahoo.com/nfl/betting/article/2026-nfl-betting-lines-odds-for-every-game-this-season-164646933.html,"Cardinals at Saints (-5.5, 44.5)"
16,buffalo-bills,denver-broncos,buffalo-bills,-1.5,46.5,yahoo_sports_2026_lookahead,2026-05-26,https://sports.yahoo.com/nfl/betting/article/2026-nfl-betting-lines-odds-for-every-game-this-season-164646933.html,"Bills (-1.5, 46.5) at Broncos"
16,carolina-panthers,pittsburgh-steelers,pittsburgh-steelers,-3.5,41.5,yahoo_sports_2026_lookahead,2026-05-26,https://sports.yahoo.com/nfl/betting/article/2026-nfl-betting-lines-odds-for-every-game-this-season-164646933.html,"Panthers at Steelers (-3.5, 41.5)"
16,cincinnati-bengals,indianapolis-colts,cincinnati-bengals,-1.5,52.5,yahoo_sports_2026_lookahead,2026-05-26,https://sports.yahoo.com/nfl/betting/article/2026-nfl-betting-lines-odds-for-every-game-this-season-164646933.html,"Bengals (-1.5, 52.5) at Colts"
16,cleveland-browns,baltimore-ravens,baltimore-ravens,-9.5,43.5,yahoo_sports_2026_lookahead,2026-05-26,https://sports.yahoo.com/nfl/betting/article/2026-nfl-betting-lines-odds-for-every-game-this-season-164646933.html,"Browns at Ravens (-9.5, 43.5)"
16,green-bay-packers,chicago-bears,chicago-bears,-1.5,47.5,yahoo_sports_2026_lookahead,2026-05-26,https://sports.yahoo.com/nfl/betting/article/2026-nfl-betting-lines-odds-for-every-game-this-season-164646933.html,"Packers at Bears (-1.5, 47.5)"
16,houston-texans,philadelphia-eagles,philadelphia-eagles,-2.5,41.5,yahoo_sports_2026_lookahead,2026-05-26,https://sports.yahoo.com/nfl/betting/article/2026-nfl-betting-lines-odds-for-every-game-this-season-164646933.html,"Texans at Eagles (-2.5, 41.5)"
16,jacksonville-jaguars,dallas-cowboys,dallas-cowboys,-2.5,51.5,yahoo_sports_2026_lookahead,2026-05-26,https://sports.yahoo.com/nfl/betting/article/2026-nfl-betting-lines-odds-for-every-game-this-season-164646933.html,"Jaguars at Cowboys (-2.5, 51.5)"
16,los-angeles-chargers,miami-dolphins,los-angeles-chargers,-7,44.5,yahoo_sports_2026_lookahead,2026-05-26,https://sports.yahoo.com/nfl/betting/article/2026-nfl-betting-lines-odds-for-every-game-this-season-164646933.html,"LA Chargers (-7, 44.5) at Dolphins"
16,los-angeles-rams,seattle-seahawks,seattle-seahawks,-1.5,47.5,yahoo_sports_2026_lookahead,2026-05-26,https://sports.yahoo.com/nfl/betting/article/2026-nfl-betting-lines-odds-for-every-game-this-season-164646933.html,"LA Rams at Seahawks (-1.5, 47.5)"
16,new-england-patriots,new-york-jets,new-england-patriots,-6.5,41.5,yahoo_sports_2026_lookahead,2026-05-26,https://sports.yahoo.com/nfl/betting/article/2026-nfl-betting-lines-odds-for-every-game-this-season-164646933.html,"Patriots (-6.5, 41.5) at NY Jets"
16,new-york-giants,detroit-lions,detroit-lions,-5.5,48.5,yahoo_sports_2026_lookahead,2026-05-26,https://sports.yahoo.com/nfl/betting/article/2026-nfl-betting-lines-odds-for-every-game-this-season-164646933.html,"NY Giants at Lions (-5.5, 48.5)"
16,san-francisco-49ers,kansas-city-chiefs,kansas-city-chiefs,-2.5,46.5,yahoo_sports_2026_lookahead,2026-05-26,https://sports.yahoo.com/nfl/betting/article/2026-nfl-betting-lines-odds-for-every-game-this-season-164646933.html,"49ers at Chiefs (-2.5, 46.5)"
16,tampa-bay-buccaneers,atlanta-falcons,tampa-bay-buccaneers,-1.5,45.5,yahoo_sports_2026_lookahead,2026-05-26,https://sports.yahoo.com/nfl/betting/article/2026-nfl-betting-lines-odds-for-every-game-this-season-164646933.html,"Buccaneers (-1.5, 45.5) at Falcons"
16,tennessee-titans,las-vegas-raiders,las-vegas-raiders,-1.5,42.5,yahoo_sports_2026_lookahead,2026-05-26,https://sports.yahoo.com/nfl/betting/article/2026-nfl-betting-lines-odds-for-every-game-this-season-164646933.html,"Titans at Raiders (-1.5, 42.5)"
16,washington-commanders,minnesota-vikings,minnesota-vikings,-2.5,46.5,yahoo_sports_2026_lookahead,2026-05-26,https://sports.yahoo.com/nfl/betting/article/2026-nfl-betting-lines-odds-for-every-game-this-season-164646933.html,"Commanders at Vikings (-2.5, 46.5)"
17,baltimore-ravens,cincinnati-bengals,cincinnati-bengals,-1.5,51.5,yahoo_sports_2026_lookahead,2026-05-26,https://sports.yahoo.com/nfl/betting/article/2026-nfl-betting-lines-odds-for-every-game-this-season-164646933.html,"Ravens at Bengals (-1.5, 51.5)"
17,buffalo-bills,miami-dolphins,buffalo-bills,-7.5,47.5,yahoo_sports_2026_lookahead,2026-05-26,https://sports.yahoo.com/nfl/betting/article/2026-nfl-betting-lines-odds-for-every-game-this-season-164646933.html,"Bills (-7.5, 47.5) at Dolphins"
17,denver-broncos,new-england-patriots,new-england-patriots,-2.5,42.5,yahoo_sports_2026_lookahead,2026-05-26,https://sports.yahoo.com/nfl/betting/article/2026-nfl-betting-lines-odds-for-every-game-this-season-164646933.html,"Broncos at Patriots (-2.5, 42.5)"
17,detroit-lions,chicago-bears,chicago-bears,-1.5,49.5,yahoo_sports_2026_lookahead,2026-05-26,https://sports.yahoo.com/nfl/betting/article/2026-nfl-betting-lines-odds-for-every-game-this-season-164646933.html,"Lions at Bears (-1.5, 49.5)"
17,houston-texans,green-bay-packers,green-bay-packers,-2.5,42.5,yahoo_sports_2026_lookahead,2026-05-26,https://sports.yahoo.com/nfl/betting/article/2026-nfl-betting-lines-odds-for-every-game-this-season-164646933.html,"Texans at Packers (-2.5, 42.5)"
17,indianapolis-colts,cleveland-browns,indianapolis-colts,-1.5,43.5,yahoo_sports_2026_lookahead,2026-05-26,https://sports.yahoo.com/nfl/betting/article/2026-nfl-betting-lines-odds-for-every-game-this-season-164646933.html,"Colts (-1.5, 43.5) at Browns"
17,kansas-city-chiefs,los-angeles-chargers,los-angeles-chargers,-1.5,45.5,yahoo_sports_2026_lookahead,2026-05-26,https://sports.yahoo.com/nfl/betting/article/2026-nfl-betting-lines-odds-for-every-game-this-season-164646933.html,"Chiefs at LA Chargers (-1.5, 45.5)"
17,las-vegas-raiders,arizona-cardinals,las-vegas-raiders,-1.5,42.5,yahoo_sports_2026_lookahead,2026-05-26,https://sports.yahoo.com/nfl/betting/article/2026-nfl-betting-lines-odds-for-every-game-this-season-164646933.html,"Raiders (-1.5, 42.5) at Cardinals"
17,los-angeles-rams,tampa-bay-buccaneers,los-angeles-rams,-3.5,48.5,yahoo_sports_2026_lookahead,2026-05-26,https://sports.yahoo.com/nfl/betting/article/2026-nfl-betting-lines-odds-for-every-game-this-season-164646933.html,"LA Rams (-3.5, 48.5) at Buccaneers"
17,minnesota-vikings,new-york-jets,minnesota-vikings,-3.5,40.5,yahoo_sports_2026_lookahead,2026-05-26,https://sports.yahoo.com/nfl/betting/article/2026-nfl-betting-lines-odds-for-every-game-this-season-164646933.html,"Vikings (-3.5, 40.5) at NY Jets"
17,new-orleans-saints,atlanta-falcons,atlanta-falcons,-1.5,44.5,yahoo_sports_2026_lookahead,2026-05-26,https://sports.yahoo.com/nfl/betting/article/2026-nfl-betting-lines-odds-for-every-game-this-season-164646933.html,"Saints at Falcons (-1.5, 44.5)"
17,new-york-giants,dallas-cowboys,dallas-cowboys,-4.5,49.5,yahoo_sports_2026_lookahead,2026-05-26,https://sports.yahoo.com/nfl/betting/article/2026-nfl-betting-lines-odds-for-every-game-this-season-164646933.html,"NY Giants at Cowboys (-4.5, 49.5)"
17,philadelphia-eagles,san-francisco-49ers,san-francisco-49ers,-1.5,45.5,yahoo_sports_2026_lookahead,2026-05-26,https://sports.yahoo.com/nfl/betting/article/2026-nfl-betting-lines-odds-for-every-game-this-season-164646933.html,"Eagles at 49ers (-1.5, 45.5)"
17,pittsburgh-steelers,tennessee-titans,pittsburgh-steelers,-1.5,42.5,yahoo_sports_2026_lookahead,2026-05-26,https://sports.yahoo.com/nfl/betting/article/2026-nfl-betting-lines-odds-for-every-game-this-season-164646933.html,"Steelers (-1.5, 42.5) at Titans"
17,seattle-seahawks,carolina-panthers,seattle-seahawks,-5.5,42.5,yahoo_sports_2026_lookahead,2026-05-26,https://sports.yahoo.com/nfl/betting/article/2026-nfl-betting-lines-odds-for-every-game-this-season-164646933.html,"Seahawks (-5.5, 42.5) at Panthers"
17,washington-commanders,jacksonville-jaguars,jacksonville-jaguars,-3.5,48.5,yahoo_sports_2026_lookahead,2026-05-26,https://sports.yahoo.com/nfl/betting/article/2026-nfl-betting-lines-odds-for-every-game-this-season-164646933.html,"Commanders at Jaguars (-3.5, 48.5)"
18,atlanta-falcons,carolina-panthers,carolina-panthers,-2.5,41.5,yahoo_sports_2026_lookahead,2026-05-26,https://sports.yahoo.com/nfl/betting/article/2026-nfl-betting-lines-odds-for-every-game-this-season-164646933.html,"Falcons at Panthers (-2.5, 41.5)"
18,chicago-bears,minnesota-vikings,minnesota-vikings,-1.5,43.5,yahoo_sports_2026_lookahead,2026-05-26,https://sports.yahoo.com/nfl/betting/article/2026-nfl-betting-lines-odds-for-every-game-this-season-164646933.html,"Bears at Vikings (-1.5, 43.5)"
18,cleveland-browns,cincinnati-bengals,cincinnati-bengals,-7.5,43.5,yahoo_sports_2026_lookahead,2026-05-26,https://sports.yahoo.com/nfl/betting/article/2026-nfl-betting-lines-odds-for-every-game-this-season-164646933.html,"Browns at Bengals (-7.5, 43.5)"
18,dallas-cowboys,washington-commanders,dallas-cowboys,-1.5,49.5,yahoo_sports_2026_lookahead,2026-05-26,https://sports.yahoo.com/nfl/betting/article/2026-nfl-betting-lines-odds-for-every-game-this-season-164646933.html,"Cowboys (-1.5, 49.5) at Commanders"
18,detroit-lions,green-bay-packers,green-bay-packers,-2.5,47.5,yahoo_sports_2026_lookahead,2026-05-26,https://sports.yahoo.com/nfl/betting/article/2026-nfl-betting-lines-odds-for-every-game-this-season-164646933.html,"Lions at Packers (-2.5, 47.5)"
18,jacksonville-jaguars,indianapolis-colts,indianapolis-colts,-1.5,46.5,yahoo_sports_2026_lookahead,2026-05-26,https://sports.yahoo.com/nfl/betting/article/2026-nfl-betting-lines-odds-for-every-game-this-season-164646933.html,"Jaguars at Colts (-1.5, 46.5)"
18,las-vegas-raiders,kansas-city-chiefs,kansas-city-chiefs,-8.5,40.5,yahoo_sports_2026_lookahead,2026-05-26,https://sports.yahoo.com/nfl/betting/article/2026-nfl-betting-lines-odds-for-every-game-this-season-164646933.html,"Raiders at Chiefs (-8.5, 40.5)"
18,los-angeles-chargers,denver-broncos,denver-broncos,-1.5,41.5,yahoo_sports_2026_lookahead,2026-05-26,https://sports.yahoo.com/nfl/betting/article/2026-nfl-betting-lines-odds-for-every-game-this-season-164646933.html,"LA Chargers at Broncos (-1.5, 41.5)"
18,miami-dolphins,new-england-patriots,new-england-patriots,-10.5,42.5,yahoo_sports_2026_lookahead,2026-05-26,https://sports.yahoo.com/nfl/betting/article/2026-nfl-betting-lines-odds-for-every-game-this-season-164646933.html,"Dolphins at Patriots (-10.5, 42.5)"
18,new-york-jets,buffalo-bills,buffalo-bills,-10,43.5,yahoo_sports_2026_lookahead,2026-05-26,https://sports.yahoo.com/nfl/betting/article/2026-nfl-betting-lines-odds-for-every-game-this-season-164646933.html,"NY Jets at Bills (-10, 43.5)"
18,philadelphia-eagles,new-york-giants,philadelphia-eagles,-3,41.5,yahoo_sports_2026_lookahead,2026-05-26,https://sports.yahoo.com/nfl/betting/article/2026-nfl-betting-lines-odds-for-every-game-this-season-164646933.html,"Eagles (-3, 41.5) at NY Giants"
18,pittsburgh-steelers,baltimore-ravens,baltimore-ravens,-5.5,43.5,yahoo_sports_2026_lookahead,2026-05-26,https://sports.yahoo.com/nfl/betting/article/2026-nfl-betting-lines-odds-for-every-game-this-season-164646933.html,"Steelers at Ravens (-5.5, 43.5)"
18,san-francisco-49ers,arizona-cardinals,san-francisco-49ers,-8.5,44.5,yahoo_sports_2026_lookahead,2026-05-26,https://sports.yahoo.com/nfl/betting/article/2026-nfl-betting-lines-odds-for-every-game-this-season-164646933.html,"49ers (-8.5, 44.5) at Cardinals"
18,seattle-seahawks,los-angeles-rams,los-angeles-rams,-2.5,45.5,yahoo_sports_2026_lookahead,2026-05-26,https://sports.yahoo.com/nfl/betting/article/2026-nfl-betting-lines-odds-for-every-game-this-season-164646933.html,"Seahawks at LA Rams (-2.5, 45.5)"
18,tampa-bay-buccaneers,new-orleans-saints,tampa-bay-buccaneers,-1.5,43.5,yahoo_sports_2026_lookahead,2026-05-26,https://sports.yahoo.com/nfl/betting/article/2026-nfl-betting-lines-odds-for-every-game-this-season-164646933.html,"Buccaneers (-1.5, 43.5) at Saints"
18,tennessee-titans,houston-texans,houston-texans,-7,39.5,yahoo_sports_2026_lookahead,2026-05-26,https://sports.yahoo.com/nfl/betting/article/2026-nfl-betting-lines-odds-for-every-game-this-season-164646933.html,"Titans at Texans (-7, 39.5)"
